{
    "epoch": 79.0,
    "eval_labels_mean": 0.334415,
    "eval_loss": 0.3265245854854584,
    "eval_preds_mean": 0.326858,
    "eval_roc_auc": 0.9491242274643262,
    "eval_runtime": 8.8172,
    "eval_samples": 401372,
    "eval_samples_per_second": 45521.639,
    "eval_steps_per_second": 11.115,
    "perplexity": 1.386142328326144,
    "total_flos": 0.0,
    "train_labels_mean": 0.33184,
    "train_loss": 0.285,
    "train_preds_mean": 0.33229,
    "train_roc_auc": 0.972293,
    "train_runtime": 2160.8278,
    "train_samples": 1404801,
    "train_samples_per_second": 65012.169,
    "train_steps_per_second": 15.874
}