{
    "epoch": 34.0,
    "eval_labels_mean": 0.334415,
    "eval_loss": 0.33668798208236694,
    "eval_preds_mean": 0.337165,
    "eval_roc_auc": 0.9577705785085459,
    "eval_runtime": 5.6946,
    "eval_samples": 401372,
    "eval_samples_per_second": 70482.898,
    "eval_steps_per_second": 17.209,
    "perplexity": 1.4003020762302316,
    "train_labels_mean": 0.33439,
    "train_loss": 0.2089,
    "train_preds_mean": 0.334229,
    "train_roc_auc": 0.982636,
    "train_runtime": 634.9844,
    "train_samples": 1404801,
    "train_samples_per_second": 221233.955,
    "train_steps_per_second": 54.017
}